path,breed,coarse,image_id
data/oxford_pets/maine_coon/Maine_Coon_204.jpg,maine_coon,cat,Maine_Coon_204
data/oxford_pets/american_bulldog/american_bulldog_138.jpg,american_bulldog,dog,american_bulldog_138
data/oxford_pets/keeshond/keeshond_112.jpg,keeshond,dog,keeshond_112
data/oxford_pets/havanese/havanese_157.jpg,havanese,dog,havanese_157
data/oxford_pets/german_shorthaired/german_shorthaired_132.jpg,german_shorthaired,dog,german_shorthaired_132
data/oxford_pets/basset_hound/basset_hound_161.jpg,basset_hound,dog,basset_hound_161
data/oxford_pets/boxer/boxer_12.jpg,boxer,dog,boxer_12
data/oxford_pets/newfoundland/newfoundland_117.jpg,newfoundland,dog,newfoundland_117
data/oxford_pets/leonberger/leonberger_166.jpg,leonberger,dog,leonberger_166
data/oxford_pets/pug/pug_123.jpg,pug,dog,pug_123
data/oxford_pets/boxer/boxer_159.jpg,boxer,dog,boxer_159
data/oxford_pets/british_shorthair/British_Shorthair_100.jpg,british_shorthair,cat,British_Shorthair_100
data/oxford_pets/english_cocker_spaniel/english_cocker_spaniel_115.jpg,english_cocker_spaniel,dog,english_cocker_spaniel_115
data/oxford_pets/british_shorthair/British_Shorthair_179.jpg,british_shorthair,cat,British_Shorthair_179
data/oxford_pets/american_bulldog/american_bulldog_124.jpg,american_bulldog,dog,american_bulldog_124
data/oxford_pets/siamese/Siamese_167.jpg,siamese,cat,Siamese_167
data/oxford_pets/newfoundland/newfoundland_135.jpg,newfoundland,dog,newfoundland_135
data/oxford_pets/german_shorthaired/german_shorthaired_176.jpg,german_shorthaired,dog,german_shorthaired_176
data/oxford_pets/british_shorthair/British_Shorthair_189.jpg,british_shorthair,cat,British_Shorthair_189
data/oxford_pets/american_bulldog/american_bulldog_14.jpg,american_bulldog,dog,american_bulldog_14
data/oxford_pets/sphynx/Sphynx_202.jpg,sphynx,cat,Sphynx_202
data/oxford_pets/miniature_pinscher/miniature_pinscher_160.jpg,miniature_pinscher,dog,miniature_pinscher_160
data/oxford_pets/wheaten_terrier/wheaten_terrier_142.jpg,wheaten_terrier,dog,wheaten_terrier_142
data/oxford_pets/birman/Birman_108.jpg,birman,cat,Birman_108
data/oxford_pets/ragdoll/Ragdoll_18.jpg,ragdoll,cat,Ragdoll_18
data/oxford_pets/leonberger/leonberger_151.jpg,leonberger,dog,leonberger_151
data/oxford_pets/keeshond/keeshond_148.jpg,keeshond,dog,keeshond_148
data/oxford_pets/great_pyrenees/great_pyrenees_167.jpg,great_pyrenees,dog,great_pyrenees_167
data/oxford_pets/chihuahua/chihuahua_166.jpg,chihuahua,dog,chihuahua_166
data/oxford_pets/pomeranian/pomeranian_10.jpg,pomeranian,dog,pomeranian_10
data/oxford_pets/havanese/havanese_183.jpg,havanese,dog,havanese_183
data/oxford_pets/ragdoll/Ragdoll_145.jpg,ragdoll,cat,Ragdoll_145
data/oxford_pets/japanese_chin/japanese_chin_180.jpg,japanese_chin,dog,japanese_chin_180
data/oxford_pets/russian_blue/Russian_Blue_103.jpg,russian_blue,cat,Russian_Blue_103
data/oxford_pets/yorkshire_terrier/yorkshire_terrier_160.jpg,yorkshire_terrier,dog,yorkshire_terrier_160
data/oxford_pets/leonberger/leonberger_180.jpg,leonberger,dog,leonberger_180
data/oxford_pets/pug/pug_10.jpg,pug,dog,pug_10
data/oxford_pets/newfoundland/newfoundland_13.jpg,newfoundland,dog,newfoundland_13
data/oxford_pets/japanese_chin/japanese_chin_132.jpg,japanese_chin,dog,japanese_chin_132
data/oxford_pets/egyptian_mau/Egyptian_Mau_138.jpg,egyptian_mau,cat,Egyptian_Mau_138
data/oxford_pets/english_setter/english_setter_103.jpg,english_setter,dog,english_setter_103
data/oxford_pets/newfoundland/newfoundland_123.jpg,newfoundland,dog,newfoundland_123
data/oxford_pets/pug/pug_155.jpg,pug,dog,pug_155
data/oxford_pets/keeshond/keeshond_147.jpg,keeshond,dog,keeshond_147
data/oxford_pets/bengal/Bengal_103.jpg,bengal,cat,Bengal_103
data/oxford_pets/havanese/havanese_150.jpg,havanese,dog,havanese_150
data/oxford_pets/keeshond/keeshond_164.jpg,keeshond,dog,keeshond_164
data/oxford_pets/siamese/Siamese_14.jpg,siamese,cat,Siamese_14
data/oxford_pets/scottish_terrier/scottish_terrier_167.jpg,scottish_terrier,dog,scottish_terrier_167
data/oxford_pets/shiba_inu/shiba_inu_178.jpg,shiba_inu,dog,shiba_inu_178
data/oxford_pets/shiba_inu/shiba_inu_119.jpg,shiba_inu,dog,shiba_inu_119
data/oxford_pets/beagle/beagle_178.jpg,beagle,dog,beagle_178
data/oxford_pets/miniature_pinscher/miniature_pinscher_109.jpg,miniature_pinscher,dog,miniature_pinscher_109
data/oxford_pets/havanese/havanese_172.jpg,havanese,dog,havanese_172
data/oxford_pets/russian_blue/Russian_Blue_100.jpg,russian_blue,cat,Russian_Blue_100
data/oxford_pets/havanese/havanese_117.jpg,havanese,dog,havanese_117
data/oxford_pets/german_shorthaired/german_shorthaired_180.jpg,german_shorthaired,dog,german_shorthaired_180
data/oxford_pets/american_bulldog/american_bulldog_161.jpg,american_bulldog,dog,american_bulldog_161
data/oxford_pets/boxer/boxer_146.jpg,boxer,dog,boxer_146
data/oxford_pets/american_bulldog/american_bulldog_106.jpg,american_bulldog,dog,american_bulldog_106
data/oxford_pets/pug/pug_11.jpg,pug,dog,pug_11
data/oxford_pets/abyssinian/Abyssinian_125.jpg,abyssinian,cat,Abyssinian_125
data/oxford_pets/pomeranian/pomeranian_154.jpg,pomeranian,dog,pomeranian_154
data/oxford_pets/egyptian_mau/Egyptian_Mau_186.jpg,egyptian_mau,cat,Egyptian_Mau_186
data/oxford_pets/saint_bernard/saint_bernard_121.jpg,saint_bernard,dog,saint_bernard_121
data/oxford_pets/american_bulldog/american_bulldog_185.jpg,american_bulldog,dog,american_bulldog_185
data/oxford_pets/sphynx/Sphynx_1.jpg,sphynx,cat,Sphynx_1
data/oxford_pets/havanese/havanese_185.jpg,havanese,dog,havanese_185
data/oxford_pets/boxer/boxer_129.jpg,boxer,dog,boxer_129
data/oxford_pets/great_pyrenees/great_pyrenees_145.jpg,great_pyrenees,dog,great_pyrenees_145
data/oxford_pets/sphynx/Sphynx_172.jpg,sphynx,cat,Sphynx_172
data/oxford_pets/german_shorthaired/german_shorthaired_125.jpg,german_shorthaired,dog,german_shorthaired_125
data/oxford_pets/great_pyrenees/great_pyrenees_105.jpg,great_pyrenees,dog,great_pyrenees_105
data/oxford_pets/bengal/Bengal_176.jpg,bengal,cat,Bengal_176
data/oxford_pets/sphynx/Sphynx_160.jpg,sphynx,cat,Sphynx_160
data/oxford_pets/english_setter/english_setter_138.jpg,english_setter,dog,english_setter_138
data/oxford_pets/abyssinian/Abyssinian_193.jpg,abyssinian,cat,Abyssinian_193
data/oxford_pets/american_bulldog/american_bulldog_197.jpg,american_bulldog,dog,american_bulldog_197
data/oxford_pets/russian_blue/Russian_Blue_178.jpg,russian_blue,cat,Russian_Blue_178
data/oxford_pets/ragdoll/Ragdoll_182.jpg,ragdoll,cat,Ragdoll_182
data/oxford_pets/japanese_chin/japanese_chin_117.jpg,japanese_chin,dog,japanese_chin_117
data/oxford_pets/keeshond/keeshond_127.jpg,keeshond,dog,keeshond_127
data/oxford_pets/maine_coon/Maine_Coon_159.jpg,maine_coon,cat,Maine_Coon_159
data/oxford_pets/bengal/Bengal_123.jpg,bengal,cat,Bengal_123
data/oxford_pets/english_cocker_spaniel/english_cocker_spaniel_12.jpg,english_cocker_spaniel,dog,english_cocker_spaniel_12
data/oxford_pets/abyssinian/Abyssinian_107.jpg,abyssinian,cat,Abyssinian_107
data/oxford_pets/havanese/havanese_180.jpg,havanese,dog,havanese_180
data/oxford_pets/havanese/havanese_166.jpg,havanese,dog,havanese_166
data/oxford_pets/russian_blue/Russian_Blue_113.jpg,russian_blue,cat,Russian_Blue_113
data/oxford_pets/newfoundland/newfoundland_122.jpg,newfoundland,dog,newfoundland_122
data/oxford_pets/english_cocker_spaniel/english_cocker_spaniel_153.jpg,english_cocker_spaniel,dog,english_cocker_spaniel_153
data/oxford_pets/wheaten_terrier/wheaten_terrier_176.jpg,wheaten_terrier,dog,wheaten_terrier_176
data/oxford_pets/japanese_chin/japanese_chin_170.jpg,japanese_chin,dog,japanese_chin_170
data/oxford_pets/pomeranian/pomeranian_183.jpg,pomeranian,dog,pomeranian_183
data/oxford_pets/english_setter/english_setter_119.jpg,english_setter,dog,english_setter_119
data/oxford_pets/german_shorthaired/german_shorthaired_175.jpg,german_shorthaired,dog,german_shorthaired_175
data/oxford_pets/boxer/boxer_125.jpg,boxer,dog,boxer_125
data/oxford_pets/keeshond/keeshond_124.jpg,keeshond,dog,keeshond_124
data/oxford_pets/sphynx/Sphynx_173.jpg,sphynx,cat,Sphynx_173
data/oxford_pets/boxer/boxer_112.jpg,boxer,dog,boxer_112
data/oxford_pets/shiba_inu/shiba_inu_141.jpg,shiba_inu,dog,shiba_inu_141
data/oxford_pets/yorkshire_terrier/yorkshire_terrier_149.jpg,yorkshire_terrier,dog,yorkshire_terrier_149
data/oxford_pets/sphynx/Sphynx_192.jpg,sphynx,cat,Sphynx_192
data/oxford_pets/great_pyrenees/great_pyrenees_157.jpg,great_pyrenees,dog,great_pyrenees_157
data/oxford_pets/boxer/boxer_135.jpg,boxer,dog,boxer_135
data/oxford_pets/saint_bernard/saint_bernard_150.jpg,saint_bernard,dog,saint_bernard_150
data/oxford_pets/chihuahua/chihuahua_110.jpg,chihuahua,dog,chihuahua_110
data/oxford_pets/scottish_terrier/scottish_terrier_142.jpg,scottish_terrier,dog,scottish_terrier_142
data/oxford_pets/bengal/Bengal_182.jpg,bengal,cat,Bengal_182
data/oxford_pets/egyptian_mau/Egyptian_Mau_174.jpg,egyptian_mau,cat,Egyptian_Mau_174
data/oxford_pets/great_pyrenees/great_pyrenees_132.jpg,great_pyrenees,dog,great_pyrenees_132
data/oxford_pets/samoyed/samoyed_127.jpg,samoyed,dog,samoyed_127
data/oxford_pets/american_pit_bull_terrier/american_pit_bull_terrier_176.jpg,american_pit_bull_terrier,dog,american_pit_bull_terrier_176
data/oxford_pets/sphynx/Sphynx_204.jpg,sphynx,cat,Sphynx_204
data/oxford_pets/samoyed/samoyed_116.jpg,samoyed,dog,samoyed_116
data/oxford_pets/leonberger/leonberger_158.jpg,leonberger,dog,leonberger_158
data/oxford_pets/german_shorthaired/german_shorthaired_156.jpg,german_shorthaired,dog,german_shorthaired_156
data/oxford_pets/british_shorthair/British_Shorthair_176.jpg,british_shorthair,cat,British_Shorthair_176
data/oxford_pets/japanese_chin/japanese_chin_177.jpg,japanese_chin,dog,japanese_chin_177
data/oxford_pets/miniature_pinscher/miniature_pinscher_159.jpg,miniature_pinscher,dog,miniature_pinscher_159
data/oxford_pets/bengal/Bengal_179.jpg,bengal,cat,Bengal_179
data/oxford_pets/saint_bernard/saint_bernard_157.jpg,saint_bernard,dog,saint_bernard_157
data/oxford_pets/newfoundland/newfoundland_190.jpg,newfoundland,dog,newfoundland_190
data/oxford_pets/beagle/beagle_143.jpg,beagle,dog,beagle_143
data/oxford_pets/american_pit_bull_terrier/american_pit_bull_terrier_133.jpg,american_pit_bull_terrier,dog,american_pit_bull_terrier_133
data/oxford_pets/siamese/Siamese_171.jpg,siamese,cat,Siamese_171
data/oxford_pets/russian_blue/Russian_Blue_192.jpg,russian_blue,cat,Russian_Blue_192
data/oxford_pets/abyssinian/Abyssinian_179.jpg,abyssinian,cat,Abyssinian_179
data/oxford_pets/british_shorthair/British_Shorthair_188.jpg,british_shorthair,cat,British_Shorthair_188
data/oxford_pets/great_pyrenees/great_pyrenees_174.jpg,great_pyrenees,dog,great_pyrenees_174
data/oxford_pets/leonberger/leonberger_190.jpg,leonberger,dog,leonberger_190
data/oxford_pets/scottish_terrier/scottish_terrier_143.jpg,scottish_terrier,dog,scottish_terrier_143
data/oxford_pets/english_cocker_spaniel/english_cocker_spaniel_167.jpg,english_cocker_spaniel,dog,english_cocker_spaniel_167
data/oxford_pets/egyptian_mau/Egyptian_Mau_132.jpg,egyptian_mau,cat,Egyptian_Mau_132
data/oxford_pets/yorkshire_terrier/yorkshire_terrier_117.jpg,yorkshire_terrier,dog,yorkshire_terrier_117
data/oxford_pets/yorkshire_terrier/yorkshire_terrier_153.jpg,yorkshire_terrier,dog,yorkshire_terrier_153
data/oxford_pets/american_pit_bull_terrier/american_pit_bull_terrier_14.jpg,american_pit_bull_terrier,dog,american_pit_bull_terrier_14
data/oxford_pets/beagle/beagle_157.jpg,beagle,dog,beagle_157
data/oxford_pets/saint_bernard/saint_bernard_179.jpg,saint_bernard,dog,saint_bernard_179
data/oxford_pets/havanese/havanese_148.jpg,havanese,dog,havanese_148
data/oxford_pets/german_shorthaired/german_shorthaired_157.jpg,german_shorthaired,dog,german_shorthaired_157
data/oxford_pets/saint_bernard/saint_bernard_165.jpg,saint_bernard,dog,saint_bernard_165
data/oxford_pets/miniature_pinscher/miniature_pinscher_141.jpg,miniature_pinscher,dog,miniature_pinscher_141
data/oxford_pets/shiba_inu/shiba_inu_185.jpg,shiba_inu,dog,shiba_inu_185
data/oxford_pets/sphynx/Sphynx_157.jpg,sphynx,cat,Sphynx_157
data/oxford_pets/samoyed/samoyed_170.jpg,samoyed,dog,samoyed_170
data/oxford_pets/scottish_terrier/scottish_terrier_156.jpg,scottish_terrier,dog,scottish_terrier_156
data/oxford_pets/egyptian_mau/Egyptian_Mau_182.jpg,egyptian_mau,cat,Egyptian_Mau_182
data/oxford_pets/havanese/havanese_103.jpg,havanese,dog,havanese_103
data/oxford_pets/russian_blue/Russian_Blue_174.jpg,russian_blue,cat,Russian_Blue_174
data/oxford_pets/leonberger/leonberger_116.jpg,leonberger,dog,leonberger_116
data/oxford_pets/yorkshire_terrier/yorkshire_terrier_181.jpg,yorkshire_terrier,dog,yorkshire_terrier_181
data/oxford_pets/english_setter/english_setter_100.jpg,english_setter,dog,english_setter_100
data/oxford_pets/miniature_pinscher/miniature_pinscher_151.jpg,miniature_pinscher,dog,miniature_pinscher_151
data/oxford_pets/saint_bernard/saint_bernard_159.jpg,saint_bernard,dog,saint_bernard_159
data/oxford_pets/boxer/boxer_139.jpg,boxer,dog,boxer_139
data/oxford_pets/boxer/boxer_128.jpg,boxer,dog,boxer_128
data/oxford_pets/yorkshire_terrier/yorkshire_terrier_188.jpg,yorkshire_terrier,dog,yorkshire_terrier_188
data/oxford_pets/yorkshire_terrier/yorkshire_terrier_14.jpg,yorkshire_terrier,dog,yorkshire_terrier_14
data/oxford_pets/leonberger/leonberger_18.jpg,leonberger,dog,leonberger_18
data/oxford_pets/american_bulldog/american_bulldog_182.jpg,american_bulldog,dog,american_bulldog_182
data/oxford_pets/scottish_terrier/scottish_terrier_113.jpg,scottish_terrier,dog,scottish_terrier_113
data/oxford_pets/yorkshire_terrier/yorkshire_terrier_174.jpg,yorkshire_terrier,dog,yorkshire_terrier_174
data/oxford_pets/english_cocker_spaniel/english_cocker_spaniel_155.jpg,english_cocker_spaniel,dog,english_cocker_spaniel_155
data/oxford_pets/sphynx/Sphynx_196.jpg,sphynx,cat,Sphynx_196
data/oxford_pets/miniature_pinscher/miniature_pinscher_153.jpg,miniature_pinscher,dog,miniature_pinscher_153
data/oxford_pets/english_cocker_spaniel/english_cocker_spaniel_173.jpg,english_cocker_spaniel,dog,english_cocker_spaniel_173
data/oxford_pets/abyssinian/Abyssinian_140.jpg,abyssinian,cat,Abyssinian_140
data/oxford_pets/japanese_chin/japanese_chin_112.jpg,japanese_chin,dog,japanese_chin_112
data/oxford_pets/birman/Birman_169.jpg,birman,cat,Birman_169
data/oxford_pets/havanese/havanese_137.jpg,havanese,dog,havanese_137
data/oxford_pets/newfoundland/newfoundland_170.jpg,newfoundland,dog,newfoundland_170
data/oxford_pets/persian/Persian_14.jpg,persian,cat,Persian_14
data/oxford_pets/wheaten_terrier/wheaten_terrier_152.jpg,wheaten_terrier,dog,wheaten_terrier_152
data/oxford_pets/chihuahua/chihuahua_178.jpg,chihuahua,dog,chihuahua_178
data/oxford_pets/great_pyrenees/great_pyrenees_151.jpg,great_pyrenees,dog,great_pyrenees_151
data/oxford_pets/boxer/boxer_165.jpg,boxer,dog,boxer_165
data/oxford_pets/beagle/beagle_188.jpg,beagle,dog,beagle_188
data/oxford_pets/staffordshire_bull_terrier/staffordshire_bull_terrier_194.jpg,staffordshire_bull_terrier,dog,staffordshire_bull_terrier_194
data/oxford_pets/yorkshire_terrier/yorkshire_terrier_127.jpg,yorkshire_terrier,dog,yorkshire_terrier_127
data/oxford_pets/wheaten_terrier/wheaten_terrier_117.jpg,wheaten_terrier,dog,wheaten_terrier_117
data/oxford_pets/german_shorthaired/german_shorthaired_158.jpg,german_shorthaired,dog,german_shorthaired_158
data/oxford_pets/yorkshire_terrier/yorkshire_terrier_183.jpg,yorkshire_terrier,dog,yorkshire_terrier_183
data/oxford_pets/pug/pug_117.jpg,pug,dog,pug_117
data/oxford_pets/miniature_pinscher/miniature_pinscher_167.jpg,miniature_pinscher,dog,miniature_pinscher_167
data/oxford_pets/basset_hound/basset_hound_179.jpg,basset_hound,dog,basset_hound_179
data/oxford_pets/beagle/beagle_117.jpg,beagle,dog,beagle_117
data/oxford_pets/beagle/beagle_13.jpg,beagle,dog,beagle_13
data/oxford_pets/british_shorthair/British_Shorthair_151.jpg,british_shorthair,cat,British_Shorthair_151
data/oxford_pets/ragdoll/Ragdoll_136.jpg,ragdoll,cat,Ragdoll_136
data/oxford_pets/russian_blue/Russian_Blue_13.jpg,russian_blue,cat,Russian_Blue_13
data/oxford_pets/keeshond/keeshond_128.jpg,keeshond,dog,keeshond_128
data/oxford_pets/japanese_chin/japanese_chin_144.jpg,japanese_chin,dog,japanese_chin_144
data/oxford_pets/saint_bernard/saint_bernard_116.jpg,saint_bernard,dog,saint_bernard_116
data/oxford_pets/japanese_chin/japanese_chin_128.jpg,japanese_chin,dog,japanese_chin_128
data/oxford_pets/shiba_inu/shiba_inu_109.jpg,shiba_inu,dog,shiba_inu_109
data/oxford_pets/british_shorthair/British_Shorthair_107.jpg,british_shorthair,cat,British_Shorthair_107
data/oxford_pets/wheaten_terrier/wheaten_terrier_165.jpg,wheaten_terrier,dog,wheaten_terrier_165
data/oxford_pets/leonberger/leonberger_135.jpg,leonberger,dog,leonberger_135
data/oxford_pets/ragdoll/Ragdoll_113.jpg,ragdoll,cat,Ragdoll_113
data/oxford_pets/sphynx/Sphynx_119.jpg,sphynx,cat,Sphynx_119
data/oxford_pets/boxer/boxer_143.jpg,boxer,dog,boxer_143
data/oxford_pets/chihuahua/chihuahua_131.jpg,chihuahua,dog,chihuahua_131
data/oxford_pets/british_shorthair/British_Shorthair_187.jpg,british_shorthair,cat,British_Shorthair_187
data/oxford_pets/samoyed/samoyed_139.jpg,samoyed,dog,samoyed_139
data/oxford_pets/english_cocker_spaniel/english_cocker_spaniel_16.jpg,english_cocker_spaniel,dog,english_cocker_spaniel_16
data/oxford_pets/siamese/Siamese_160.jpg,siamese,cat,Siamese_160
data/oxford_pets/scottish_terrier/scottish_terrier_103.jpg,scottish_terrier,dog,scottish_terrier_103
data/oxford_pets/havanese/havanese_174.jpg,havanese,dog,havanese_174
data/oxford_pets/russian_blue/Russian_Blue_123.jpg,russian_blue,cat,Russian_Blue_123
data/oxford_pets/english_setter/english_setter_132.jpg,english_setter,dog,english_setter_132
data/oxford_pets/shiba_inu/shiba_inu_115.jpg,shiba_inu,dog,shiba_inu_115
data/oxford_pets/english_setter/english_setter_152.jpg,english_setter,dog,english_setter_152
data/oxford_pets/bengal/Bengal_10.jpg,bengal,cat,Bengal_10
data/oxford_pets/birman/Birman_110.jpg,birman,cat,Birman_110
data/oxford_pets/ragdoll/Ragdoll_10.jpg,ragdoll,cat,Ragdoll_10
data/oxford_pets/persian/Persian_121.jpg,persian,cat,Persian_121
data/oxford_pets/german_shorthaired/german_shorthaired_159.jpg,german_shorthaired,dog,german_shorthaired_159
data/oxford_pets/ragdoll/Ragdoll_118.jpg,ragdoll,cat,Ragdoll_118
data/oxford_pets/great_pyrenees/great_pyrenees_137.jpg,great_pyrenees,dog,great_pyrenees_137
data/oxford_pets/persian/Persian_100.jpg,persian,cat,Persian_100
data/oxford_pets/american_pit_bull_terrier/american_pit_bull_terrier_167.jpg,american_pit_bull_terrier,dog,american_pit_bull_terrier_167
data/oxford_pets/english_cocker_spaniel/english_cocker_spaniel_159.jpg,english_cocker_spaniel,dog,english_cocker_spaniel_159
data/oxford_pets/maine_coon/Maine_Coon_219.jpg,maine_coon,cat,Maine_Coon_219
data/oxford_pets/great_pyrenees/great_pyrenees_102.jpg,great_pyrenees,dog,great_pyrenees_102
data/oxford_pets/pomeranian/pomeranian_169.jpg,pomeranian,dog,pomeranian_169
data/oxford_pets/ragdoll/Ragdoll_152.jpg,ragdoll,cat,Ragdoll_152
data/oxford_pets/scottish_terrier/scottish_terrier_172.jpg,scottish_terrier,dog,scottish_terrier_172
data/oxford_pets/samoyed/samoyed_175.jpg,samoyed,dog,samoyed_175
data/oxford_pets/havanese/havanese_14.jpg,havanese,dog,havanese_14
data/oxford_pets/siamese/Siamese_181.jpg,siamese,cat,Siamese_181
data/oxford_pets/pug/pug_133.jpg,pug,dog,pug_133
data/oxford_pets/bombay/Bombay_113.jpg,bombay,cat,Bombay_113
data/oxford_pets/havanese/havanese_158.jpg,havanese,dog,havanese_158
data/oxford_pets/havanese/havanese_171.jpg,havanese,dog,havanese_171
data/oxford_pets/ragdoll/Ragdoll_105.jpg,ragdoll,cat,Ragdoll_105
data/oxford_pets/wheaten_terrier/wheaten_terrier_102.jpg,wheaten_terrier,dog,wheaten_terrier_102
data/oxford_pets/sphynx/Sphynx_115.jpg,sphynx,cat,Sphynx_115
data/oxford_pets/basset_hound/basset_hound_178.jpg,basset_hound,dog,basset_hound_178
data/oxford_pets/staffordshire_bull_terrier/staffordshire_bull_terrier_121.jpg,staffordshire_bull_terrier,dog,staffordshire_bull_terrier_121
data/oxford_pets/staffordshire_bull_terrier/staffordshire_bull_terrier_185.jpg,staffordshire_bull_terrier,dog,staffordshire_bull_terrier_185
data/oxford_pets/beagle/beagle_141.jpg,beagle,dog,beagle_141
data/oxford_pets/ragdoll/Ragdoll_133.jpg,ragdoll,cat,Ragdoll_133
data/oxford_pets/wheaten_terrier/wheaten_terrier_129.jpg,wheaten_terrier,dog,wheaten_terrier_129
data/oxford_pets/leonberger/leonberger_103.jpg,leonberger,dog,leonberger_103
data/oxford_pets/american_bulldog/american_bulldog_199.jpg,american_bulldog,dog,american_bulldog_199
data/oxford_pets/english_cocker_spaniel/english_cocker_spaniel_132.jpg,english_cocker_spaniel,dog,english_cocker_spaniel_132
data/oxford_pets/leonberger/leonberger_148.jpg,leonberger,dog,leonberger_148
data/oxford_pets/scottish_terrier/scottish_terrier_189.jpg,scottish_terrier,dog,scottish_terrier_189
data/oxford_pets/pomeranian/pomeranian_184.jpg,pomeranian,dog,pomeranian_184
data/oxford_pets/pomeranian/pomeranian_181.jpg,pomeranian,dog,pomeranian_181
data/oxford_pets/ragdoll/Ragdoll_147.jpg,ragdoll,cat,Ragdoll_147
data/oxford_pets/bombay/Bombay_106.jpg,bombay,cat,Bombay_106
data/oxford_pets/english_cocker_spaniel/english_cocker_spaniel_184.jpg,english_cocker_spaniel,dog,english_cocker_spaniel_184
data/oxford_pets/abyssinian/Abyssinian_130.jpg,abyssinian,cat,Abyssinian_130
data/oxford_pets/miniature_pinscher/miniature_pinscher_190.jpg,miniature_pinscher,dog,miniature_pinscher_190
data/oxford_pets/abyssinian/Abyssinian_135.jpg,abyssinian,cat,Abyssinian_135
data/oxford_pets/keeshond/keeshond_111.jpg,keeshond,dog,keeshond_111
data/oxford_pets/maine_coon/Maine_Coon_152.jpg,maine_coon,cat,Maine_Coon_152
data/oxford_pets/staffordshire_bull_terrier/staffordshire_bull_terrier_100.jpg,staffordshire_bull_terrier,dog,staffordshire_bull_terrier_100
data/oxford_pets/newfoundland/newfoundland_180.jpg,newfoundland,dog,newfoundland_180
data/oxford_pets/newfoundland/newfoundland_142.jpg,newfoundland,dog,newfoundland_142
data/oxford_pets/maine_coon/Maine_Coon_208.jpg,maine_coon,cat,Maine_Coon_208
data/oxford_pets/british_shorthair/British_Shorthair_155.jpg,british_shorthair,cat,British_Shorthair_155
data/oxford_pets/shiba_inu/shiba_inu_161.jpg,shiba_inu,dog,shiba_inu_161
data/oxford_pets/samoyed/samoyed_133.jpg,samoyed,dog,samoyed_133
data/oxford_pets/staffordshire_bull_terrier/staffordshire_bull_terrier_138.jpg,staffordshire_bull_terrier,dog,staffordshire_bull_terrier_138
data/oxford_pets/beagle/beagle_111.jpg,beagle,dog,beagle_111
data/oxford_pets/wheaten_terrier/wheaten_terrier_114.jpg,wheaten_terrier,dog,wheaten_terrier_114
data/oxford_pets/scottish_terrier/scottish_terrier_18.jpg,scottish_terrier,dog,scottish_terrier_18
data/oxford_pets/abyssinian/Abyssinian_137.jpg,abyssinian,cat,Abyssinian_137
data/oxford_pets/wheaten_terrier/wheaten_terrier_141.jpg,wheaten_terrier,dog,wheaten_terrier_141
data/oxford_pets/keeshond/keeshond_178.jpg,keeshond,dog,keeshond_178
data/oxford_pets/pomeranian/pomeranian_170.jpg,pomeranian,dog,pomeranian_170
data/oxford_pets/american_pit_bull_terrier/american_pit_bull_terrier_175.jpg,american_pit_bull_terrier,dog,american_pit_bull_terrier_175
data/oxford_pets/miniature_pinscher/miniature_pinscher_104.jpg,miniature_pinscher,dog,miniature_pinscher_104
data/oxford_pets/staffordshire_bull_terrier/staffordshire_bull_terrier_192.jpg,staffordshire_bull_terrier,dog,staffordshire_bull_terrier_192
data/oxford_pets/japanese_chin/japanese_chin_185.jpg,japanese_chin,dog,japanese_chin_185
data/oxford_pets/scottish_terrier/scottish_terrier_141.jpg,scottish_terrier,dog,scottish_terrier_141
data/oxford_pets/english_cocker_spaniel/english_cocker_spaniel_17.jpg,english_cocker_spaniel,dog,english_cocker_spaniel_17
data/oxford_pets/pomeranian/pomeranian_136.jpg,pomeranian,dog,pomeranian_136
data/oxford_pets/samoyed/samoyed_154.jpg,samoyed,dog,samoyed_154
data/oxford_pets/staffordshire_bull_terrier/staffordshire_bull_terrier_186.jpg,staffordshire_bull_terrier,dog,staffordshire_bull_terrier_186
data/oxford_pets/newfoundland/newfoundland_118.jpg,newfoundland,dog,newfoundland_118
data/oxford_pets/bengal/Bengal_189.jpg,bengal,cat,Bengal_189
data/oxford_pets/russian_blue/Russian_Blue_162.jpg,russian_blue,cat,Russian_Blue_162
data/oxford_pets/scottish_terrier/scottish_terrier_136.jpg,scottish_terrier,dog,scottish_terrier_136
data/oxford_pets/beagle/beagle_155.jpg,beagle,dog,beagle_155
data/oxford_pets/birman/Birman_152.jpg,birman,cat,Birman_152
data/oxford_pets/japanese_chin/japanese_chin_148.jpg,japanese_chin,dog,japanese_chin_148
data/oxford_pets/pug/pug_109.jpg,pug,dog,pug_109
data/oxford_pets/samoyed/samoyed_103.jpg,samoyed,dog,samoyed_103
data/oxford_pets/abyssinian/Abyssinian_191.jpg,abyssinian,cat,Abyssinian_191
data/oxford_pets/russian_blue/Russian_Blue_117.jpg,russian_blue,cat,Russian_Blue_117
data/oxford_pets/boxer/boxer_190.jpg,boxer,dog,boxer_190
data/oxford_pets/american_bulldog/american_bulldog_102.jpg,american_bulldog,dog,american_bulldog_102
data/oxford_pets/shiba_inu/shiba_inu_186.jpg,shiba_inu,dog,shiba_inu_186
data/oxford_pets/siamese/Siamese_184.jpg,siamese,cat,Siamese_184
data/oxford_pets/pomeranian/pomeranian_168.jpg,pomeranian,dog,pomeranian_168
data/oxford_pets/pomeranian/pomeranian_119.jpg,pomeranian,dog,pomeranian_119
data/oxford_pets/scottish_terrier/scottish_terrier_133.jpg,scottish_terrier,dog,scottish_terrier_133
data/oxford_pets/abyssinian/Abyssinian_105.jpg,abyssinian,cat,Abyssinian_105
data/oxford_pets/scottish_terrier/scottish_terrier_169.jpg,scottish_terrier,dog,scottish_terrier_169
data/oxford_pets/boxer/boxer_162.jpg,boxer,dog,boxer_162
data/oxford_pets/american_bulldog/american_bulldog_113.jpg,american_bulldog,dog,american_bulldog_113
data/oxford_pets/samoyed/samoyed_120.jpg,samoyed,dog,samoyed_120
data/oxford_pets/maine_coon/Maine_Coon_105.jpg,maine_coon,cat,Maine_Coon_105
data/oxford_pets/abyssinian/Abyssinian_134.jpg,abyssinian,cat,Abyssinian_134
data/oxford_pets/japanese_chin/japanese_chin_162.jpg,japanese_chin,dog,japanese_chin_162
data/oxford_pets/russian_blue/Russian_Blue_183.jpg,russian_blue,cat,Russian_Blue_183
data/oxford_pets/persian/Persian_114.jpg,persian,cat,Persian_114
data/oxford_pets/miniature_pinscher/miniature_pinscher_105.jpg,miniature_pinscher,dog,miniature_pinscher_105
data/oxford_pets/havanese/havanese_132.jpg,havanese,dog,havanese_132
data/oxford_pets/chihuahua/chihuahua_189.jpg,chihuahua,dog,chihuahua_189
data/oxford_pets/yorkshire_terrier/yorkshire_terrier_103.jpg,yorkshire_terrier,dog,yorkshire_terrier_103
data/oxford_pets/newfoundland/newfoundland_174.jpg,newfoundland,dog,newfoundland_174
data/oxford_pets/japanese_chin/japanese_chin_183.jpg,japanese_chin,dog,japanese_chin_183
data/oxford_pets/staffordshire_bull_terrier/staffordshire_bull_terrier_199.jpg,staffordshire_bull_terrier,dog,staffordshire_bull_terrier_199
data/oxford_pets/pug/pug_171.jpg,pug,dog,pug_171
data/oxford_pets/miniature_pinscher/miniature_pinscher_168.jpg,miniature_pinscher,dog,miniature_pinscher_168
data/oxford_pets/bombay/Bombay_185.jpg,bombay,cat,Bombay_185
data/oxford_pets/pug/pug_187.jpg,pug,dog,pug_187
data/oxford_pets/pug/pug_150.jpg,pug,dog,pug_150
data/oxford_pets/pug/pug_139.jpg,pug,dog,pug_139
data/oxford_pets/staffordshire_bull_terrier/staffordshire_bull_terrier_122.jpg,staffordshire_bull_terrier,dog,staffordshire_bull_terrier_122
data/oxford_pets/scottish_terrier/scottish_terrier_104.jpg,scottish_terrier,dog,scottish_terrier_104
data/oxford_pets/shiba_inu/shiba_inu_165.jpg,shiba_inu,dog,shiba_inu_165
data/oxford_pets/persian/Persian_131.jpg,persian,cat,Persian_131
data/oxford_pets/basset_hound/basset_hound_169.jpg,basset_hound,dog,basset_hound_169
data/oxford_pets/scottish_terrier/scottish_terrier_153.jpg,scottish_terrier,dog,scottish_terrier_153
data/oxford_pets/siamese/Siamese_138.jpg,siamese,cat,Siamese_138
data/oxford_pets/yorkshire_terrier/yorkshire_terrier_145.jpg,yorkshire_terrier,dog,yorkshire_terrier_145
data/oxford_pets/samoyed/samoyed_147.jpg,samoyed,dog,samoyed_147
data/oxford_pets/great_pyrenees/great_pyrenees_16.jpg,great_pyrenees,dog,great_pyrenees_16
data/oxford_pets/leonberger/leonberger_187.jpg,leonberger,dog,leonberger_187
data/oxford_pets/miniature_pinscher/miniature_pinscher_185.jpg,miniature_pinscher,dog,miniature_pinscher_185
data/oxford_pets/shiba_inu/shiba_inu_15.jpg,shiba_inu,dog,shiba_inu_15
data/oxford_pets/japanese_chin/japanese_chin_127.jpg,japanese_chin,dog,japanese_chin_127
data/oxford_pets/bombay/Bombay_137.jpg,bombay,cat,Bombay_137
data/oxford_pets/staffordshire_bull_terrier/staffordshire_bull_terrier_184.jpg,staffordshire_bull_terrier,dog,staffordshire_bull_terrier_184
data/oxford_pets/beagle/beagle_149.jpg,beagle,dog,beagle_149
data/oxford_pets/english_setter/english_setter_105.jpg,english_setter,dog,english_setter_105
data/oxford_pets/english_setter/english_setter_187.jpg,english_setter,dog,english_setter_187
data/oxford_pets/beagle/beagle_100.jpg,beagle,dog,beagle_100
data/oxford_pets/scottish_terrier/scottish_terrier_124.jpg,scottish_terrier,dog,scottish_terrier_124
data/oxford_pets/egyptian_mau/Egyptian_Mau_12.jpg,egyptian_mau,cat,Egyptian_Mau_12
data/oxford_pets/great_pyrenees/great_pyrenees_133.jpg,great_pyrenees,dog,great_pyrenees_133
data/oxford_pets/yorkshire_terrier/yorkshire_terrier_170.jpg,yorkshire_terrier,dog,yorkshire_terrier_170
data/oxford_pets/russian_blue/Russian_Blue_133.jpg,russian_blue,cat,Russian_Blue_133
data/oxford_pets/persian/Persian_145.jpg,persian,cat,Persian_145
data/oxford_pets/scottish_terrier/scottish_terrier_106.jpg,scottish_terrier,dog,scottish_terrier_106
data/oxford_pets/english_setter/english_setter_137.jpg,english_setter,dog,english_setter_137
data/oxford_pets/saint_bernard/saint_bernard_12.jpg,saint_bernard,dog,saint_bernard_12
data/oxford_pets/persian/Persian_200.jpg,persian,cat,Persian_200
data/oxford_pets/saint_bernard/saint_bernard_11.jpg,saint_bernard,dog,saint_bernard_11
data/oxford_pets/chihuahua/chihuahua_181.jpg,chihuahua,dog,chihuahua_181
data/oxford_pets/keeshond/keeshond_174.jpg,keeshond,dog,keeshond_174
data/oxford_pets/boxer/boxer_101.jpg,boxer,dog,boxer_101
data/oxford_pets/persian/Persian_197.jpg,persian,cat,Persian_197
data/oxford_pets/shiba_inu/shiba_inu_152.jpg,shiba_inu,dog,shiba_inu_152
data/oxford_pets/maine_coon/Maine_Coon_138.jpg,maine_coon,cat,Maine_Coon_138
data/oxford_pets/samoyed/samoyed_102.jpg,samoyed,dog,samoyed_102
data/oxford_pets/beagle/beagle_127.jpg,beagle,dog,beagle_127
data/oxford_pets/staffordshire_bull_terrier/staffordshire_bull_terrier_126.jpg,staffordshire_bull_terrier,dog,staffordshire_bull_terrier_126
data/oxford_pets/russian_blue/Russian_Blue_104.jpg,russian_blue,cat,Russian_Blue_104
data/oxford_pets/siamese/Siamese_130.jpg,siamese,cat,Siamese_130
data/oxford_pets/wheaten_terrier/wheaten_terrier_107.jpg,wheaten_terrier,dog,wheaten_terrier_107
data/oxford_pets/pug/pug_112.jpg,pug,dog,pug_112
data/oxford_pets/russian_blue/Russian_Blue_122.jpg,russian_blue,cat,Russian_Blue_122
data/oxford_pets/birman/Birman_153.jpg,birman,cat,Birman_153
data/oxford_pets/american_bulldog/american_bulldog_103.jpg,american_bulldog,dog,american_bulldog_103
data/oxford_pets/egyptian_mau/Egyptian_Mau_188.jpg,egyptian_mau,cat,Egyptian_Mau_188
data/oxford_pets/sphynx/Sphynx_132.jpg,sphynx,cat,Sphynx_132
data/oxford_pets/ragdoll/Ragdoll_195.jpg,ragdoll,cat,Ragdoll_195
data/oxford_pets/saint_bernard/saint_bernard_160.jpg,saint_bernard,dog,saint_bernard_160
data/oxford_pets/russian_blue/Russian_Blue_152.jpg,russian_blue,cat,Russian_Blue_152
data/oxford_pets/british_shorthair/British_Shorthair_105.jpg,british_shorthair,cat,British_Shorthair_105
data/oxford_pets/russian_blue/Russian_Blue_130.jpg,russian_blue,cat,Russian_Blue_130
data/oxford_pets/sphynx/Sphynx_17.jpg,sphynx,cat,Sphynx_17
data/oxford_pets/miniature_pinscher/miniature_pinscher_152.jpg,miniature_pinscher,dog,miniature_pinscher_152
data/oxford_pets/abyssinian/Abyssinian_11.jpg,abyssinian,cat,Abyssinian_11
data/oxford_pets/wheaten_terrier/wheaten_terrier_132.jpg,wheaten_terrier,dog,wheaten_terrier_132
data/oxford_pets/american_pit_bull_terrier/american_pit_bull_terrier_179.jpg,american_pit_bull_terrier,dog,american_pit_bull_terrier_179
data/oxford_pets/samoyed/samoyed_178.jpg,samoyed,dog,samoyed_178
data/oxford_pets/pomeranian/pomeranian_157.jpg,pomeranian,dog,pomeranian_157
data/oxford_pets/bombay/Bombay_148.jpg,bombay,cat,Bombay_148
data/oxford_pets/newfoundland/newfoundland_184.jpg,newfoundland,dog,newfoundland_184
data/oxford_pets/basset_hound/basset_hound_158.jpg,basset_hound,dog,basset_hound_158
data/oxford_pets/scottish_terrier/scottish_terrier_120.jpg,scottish_terrier,dog,scottish_terrier_120
data/oxford_pets/saint_bernard/saint_bernard_105.jpg,saint_bernard,dog,saint_bernard_105
data/oxford_pets/american_bulldog/american_bulldog_105.jpg,american_bulldog,dog,american_bulldog_105
data/oxford_pets/british_shorthair/British_Shorthair_124.jpg,british_shorthair,cat,British_Shorthair_124
data/oxford_pets/yorkshire_terrier/yorkshire_terrier_115.jpg,yorkshire_terrier,dog,yorkshire_terrier_115
data/oxford_pets/saint_bernard/saint_bernard_141.jpg,saint_bernard,dog,saint_bernard_141
data/oxford_pets/bombay/Bombay_115.jpg,bombay,cat,Bombay_115
data/oxford_pets/pug/pug_115.jpg,pug,dog,pug_115
data/oxford_pets/keeshond/keeshond_18.jpg,keeshond,dog,keeshond_18
data/oxford_pets/english_cocker_spaniel/english_cocker_spaniel_188.jpg,english_cocker_spaniel,dog,english_cocker_spaniel_188
data/oxford_pets/samoyed/samoyed_138.jpg,samoyed,dog,samoyed_138
data/oxford_pets/leonberger/leonberger_171.jpg,leonberger,dog,leonberger_171
data/oxford_pets/chihuahua/chihuahua_171.jpg,chihuahua,dog,chihuahua_171
data/oxford_pets/newfoundland/newfoundland_129.jpg,newfoundland,dog,newfoundland_129
data/oxford_pets/keeshond/keeshond_141.jpg,keeshond,dog,keeshond_141
data/oxford_pets/leonberger/leonberger_124.jpg,leonberger,dog,leonberger_124
data/oxford_pets/saint_bernard/saint_bernard_178.jpg,saint_bernard,dog,saint_bernard_178
data/oxford_pets/saint_bernard/saint_bernard_146.jpg,saint_bernard,dog,saint_bernard_146
data/oxford_pets/english_setter/english_setter_115.jpg,english_setter,dog,english_setter_115
data/oxford_pets/pomeranian/pomeranian_123.jpg,pomeranian,dog,pomeranian_123
data/oxford_pets/bengal/Bengal_112.jpg,bengal,cat,Bengal_112
data/oxford_pets/english_setter/english_setter_158.jpg,english_setter,dog,english_setter_158
data/oxford_pets/ragdoll/Ragdoll_119.jpg,ragdoll,cat,Ragdoll_119
data/oxford_pets/american_bulldog/american_bulldog_186.jpg,american_bulldog,dog,american_bulldog_186
data/oxford_pets/leonberger/leonberger_108.jpg,leonberger,dog,leonberger_108
data/oxford_pets/american_pit_bull_terrier/american_pit_bull_terrier_154.jpg,american_pit_bull_terrier,dog,american_pit_bull_terrier_154
data/oxford_pets/japanese_chin/japanese_chin_155.jpg,japanese_chin,dog,japanese_chin_155
data/oxford_pets/sphynx/Sphynx_176.jpg,sphynx,cat,Sphynx_176
data/oxford_pets/boxer/boxer_130.jpg,boxer,dog,boxer_130
data/oxford_pets/leonberger/leonberger_163.jpg,leonberger,dog,leonberger_163
data/oxford_pets/shiba_inu/shiba_inu_146.jpg,shiba_inu,dog,shiba_inu_146
data/oxford_pets/english_cocker_spaniel/english_cocker_spaniel_124.jpg,english_cocker_spaniel,dog,english_cocker_spaniel_124
data/oxford_pets/siamese/Siamese_139.jpg,siamese,cat,Siamese_139
data/oxford_pets/ragdoll/Ragdoll_173.jpg,ragdoll,cat,Ragdoll_173
data/oxford_pets/leonberger/leonberger_186.jpg,leonberger,dog,leonberger_186
data/oxford_pets/maine_coon/Maine_Coon_145.jpg,maine_coon,cat,Maine_Coon_145
data/oxford_pets/keeshond/keeshond_115.jpg,keeshond,dog,keeshond_115
data/oxford_pets/german_shorthaired/german_shorthaired_142.jpg,german_shorthaired,dog,german_shorthaired_142
data/oxford_pets/bengal/Bengal_156.jpg,bengal,cat,Bengal_156
data/oxford_pets/saint_bernard/saint_bernard_145.jpg,saint_bernard,dog,saint_bernard_145
data/oxford_pets/abyssinian/Abyssinian_176.jpg,abyssinian,cat,Abyssinian_176
data/oxford_pets/miniature_pinscher/miniature_pinscher_126.jpg,miniature_pinscher,dog,miniature_pinscher_126
data/oxford_pets/staffordshire_bull_terrier/staffordshire_bull_terrier_158.jpg,staffordshire_bull_terrier,dog,staffordshire_bull_terrier_158
data/oxford_pets/chihuahua/chihuahua_154.jpg,chihuahua,dog,chihuahua_154
data/oxford_pets/leonberger/leonberger_120.jpg,leonberger,dog,leonberger_120
data/oxford_pets/persian/Persian_189.jpg,persian,cat,Persian_189
data/oxford_pets/sphynx/Sphynx_174.jpg,sphynx,cat,Sphynx_174
data/oxford_pets/newfoundland/newfoundland_160.jpg,newfoundland,dog,newfoundland_160
data/oxford_pets/wheaten_terrier/wheaten_terrier_190.jpg,wheaten_terrier,dog,wheaten_terrier_190
data/oxford_pets/basset_hound/basset_hound_175.jpg,basset_hound,dog,basset_hound_175
data/oxford_pets/siamese/Siamese_127.jpg,siamese,cat,Siamese_127
data/oxford_pets/newfoundland/newfoundland_10.jpg,newfoundland,dog,newfoundland_10
data/oxford_pets/scottish_terrier/scottish_terrier_109.jpg,scottish_terrier,dog,scottish_terrier_109
data/oxford_pets/havanese/havanese_130.jpg,havanese,dog,havanese_130
data/oxford_pets/ragdoll/Ragdoll_175.jpg,ragdoll,cat,Ragdoll_175
data/oxford_pets/great_pyrenees/great_pyrenees_168.jpg,great_pyrenees,dog,great_pyrenees_168
data/oxford_pets/american_bulldog/american_bulldog_151.jpg,american_bulldog,dog,american_bulldog_151
data/oxford_pets/american_bulldog/american_bulldog_179.jpg,american_bulldog,dog,american_bulldog_179
data/oxford_pets/abyssinian/Abyssinian_165.jpg,abyssinian,cat,Abyssinian_165
data/oxford_pets/newfoundland/newfoundland_145.jpg,newfoundland,dog,newfoundland_145
data/oxford_pets/sphynx/Sphynx_144.jpg,sphynx,cat,Sphynx_144
data/oxford_pets/miniature_pinscher/miniature_pinscher_135.jpg,miniature_pinscher,dog,miniature_pinscher_135
data/oxford_pets/boxer/boxer_136.jpg,boxer,dog,boxer_136
data/oxford_pets/birman/Birman_115.jpg,birman,cat,Birman_115
data/oxford_pets/basset_hound/basset_hound_141.jpg,basset_hound,dog,basset_hound_141
data/oxford_pets/american_bulldog/american_bulldog_109.jpg,american_bulldog,dog,american_bulldog_109
data/oxford_pets/yorkshire_terrier/yorkshire_terrier_189.jpg,yorkshire_terrier,dog,yorkshire_terrier_189
data/oxford_pets/american_pit_bull_terrier/american_pit_bull_terrier_169.jpg,american_pit_bull_terrier,dog,american_pit_bull_terrier_169
data/oxford_pets/boxer/boxer_107.jpg,boxer,dog,boxer_107
data/oxford_pets/birman/Birman_161.jpg,birman,cat,Birman_161
data/oxford_pets/leonberger/leonberger_131.jpg,leonberger,dog,leonberger_131
data/oxford_pets/staffordshire_bull_terrier/staffordshire_bull_terrier_172.jpg,staffordshire_bull_terrier,dog,staffordshire_bull_terrier_172
data/oxford_pets/wheaten_terrier/wheaten_terrier_162.jpg,wheaten_terrier,dog,wheaten_terrier_162
data/oxford_pets/german_shorthaired/german_shorthaired_131.jpg,german_shorthaired,dog,german_shorthaired_131
data/oxford_pets/egyptian_mau/Egyptian_Mau_193.jpg,egyptian_mau,cat,Egyptian_Mau_193
data/oxford_pets/havanese/havanese_155.jpg,havanese,dog,havanese_155
data/oxford_pets/shiba_inu/shiba_inu_117.jpg,shiba_inu,dog,shiba_inu_117
data/oxford_pets/havanese/havanese_111.jpg,havanese,dog,havanese_111
data/oxford_pets/basset_hound/basset_hound_137.jpg,basset_hound,dog,basset_hound_137
data/oxford_pets/persian/Persian_217.jpg,persian,cat,Persian_217
data/oxford_pets/scottish_terrier/scottish_terrier_111.jpg,scottish_terrier,dog,scottish_terrier_111
data/oxford_pets/staffordshire_bull_terrier/staffordshire_bull_terrier_107.jpg,staffordshire_bull_terrier,dog,staffordshire_bull_terrier_107
data/oxford_pets/american_bulldog/american_bulldog_135.jpg,american_bulldog,dog,american_bulldog_135
data/oxford_pets/chihuahua/chihuahua_141.jpg,chihuahua,dog,chihuahua_141
data/oxford_pets/siamese/Siamese_129.jpg,siamese,cat,Siamese_129
data/oxford_pets/havanese/havanese_121.jpg,havanese,dog,havanese_121
data/oxford_pets/basset_hound/basset_hound_129.jpg,basset_hound,dog,basset_hound_129
data/oxford_pets/basset_hound/basset_hound_139.jpg,basset_hound,dog,basset_hound_139
data/oxford_pets/wheaten_terrier/wheaten_terrier_109.jpg,wheaten_terrier,dog,wheaten_terrier_109
data/oxford_pets/persian/Persian_195.jpg,persian,cat,Persian_195
data/oxford_pets/sphynx/Sphynx_185.jpg,sphynx,cat,Sphynx_185
data/oxford_pets/keeshond/keeshond_105.jpg,keeshond,dog,keeshond_105
data/oxford_pets/american_pit_bull_terrier/american_pit_bull_terrier_11.jpg,american_pit_bull_terrier,dog,american_pit_bull_terrier_11
data/oxford_pets/boxer/boxer_169.jpg,boxer,dog,boxer_169
data/oxford_pets/saint_bernard/saint_bernard_175.jpg,saint_bernard,dog,saint_bernard_175
data/oxford_pets/abyssinian/Abyssinian_122.jpg,abyssinian,cat,Abyssinian_122
data/oxford_pets/samoyed/samoyed_156.jpg,samoyed,dog,samoyed_156
data/oxford_pets/miniature_pinscher/miniature_pinscher_13.jpg,miniature_pinscher,dog,miniature_pinscher_13
data/oxford_pets/miniature_pinscher/miniature_pinscher_164.jpg,miniature_pinscher,dog,miniature_pinscher_164
data/oxford_pets/siamese/Siamese_154.jpg,siamese,cat,Siamese_154
data/oxford_pets/saint_bernard/saint_bernard_134.jpg,saint_bernard,dog,saint_bernard_134
data/oxford_pets/miniature_pinscher/miniature_pinscher_147.jpg,miniature_pinscher,dog,miniature_pinscher_147
data/oxford_pets/ragdoll/Ragdoll_115.jpg,ragdoll,cat,Ragdoll_115
data/oxford_pets/siamese/Siamese_198.jpg,siamese,cat,Siamese_198
data/oxford_pets/beagle/beagle_162.jpg,beagle,dog,beagle_162
data/oxford_pets/shiba_inu/shiba_inu_156.jpg,shiba_inu,dog,shiba_inu_156
data/oxford_pets/pug/pug_17.jpg,pug,dog,pug_17
data/oxford_pets/russian_blue/Russian_Blue_182.jpg,russian_blue,cat,Russian_Blue_182
data/oxford_pets/newfoundland/newfoundland_179.jpg,newfoundland,dog,newfoundland_179
data/oxford_pets/boxer/boxer_180.jpg,boxer,dog,boxer_180
data/oxford_pets/bombay/Bombay_163.jpg,bombay,cat,Bombay_163
data/oxford_pets/english_cocker_spaniel/english_cocker_spaniel_147.jpg,english_cocker_spaniel,dog,english_cocker_spaniel_147
data/oxford_pets/persian/Persian_10.jpg,persian,cat,Persian_10
data/oxford_pets/english_cocker_spaniel/english_cocker_spaniel_171.jpg,english_cocker_spaniel,dog,english_cocker_spaniel_171
data/oxford_pets/bengal/Bengal_147.jpg,bengal,cat,Bengal_147
data/oxford_pets/egyptian_mau/Egyptian_Mau_176.jpg,egyptian_mau,cat,Egyptian_Mau_176
data/oxford_pets/english_setter/english_setter_176.jpg,english_setter,dog,english_setter_176
data/oxford_pets/miniature_pinscher/miniature_pinscher_123.jpg,miniature_pinscher,dog,miniature_pinscher_123
data/oxford_pets/bengal/Bengal_102.jpg,bengal,cat,Bengal_102
data/oxford_pets/english_cocker_spaniel/english_cocker_spaniel_137.jpg,english_cocker_spaniel,dog,english_cocker_spaniel_137
data/oxford_pets/pug/pug_164.jpg,pug,dog,pug_164
data/oxford_pets/english_cocker_spaniel/english_cocker_spaniel_102.jpg,english_cocker_spaniel,dog,english_cocker_spaniel_102
data/oxford_pets/egyptian_mau/Egyptian_Mau_101.jpg,egyptian_mau,cat,Egyptian_Mau_101
data/oxford_pets/british_shorthair/British_Shorthair_175.jpg,british_shorthair,cat,British_Shorthair_175
data/oxford_pets/shiba_inu/shiba_inu_192.jpg,shiba_inu,dog,shiba_inu_192
data/oxford_pets/great_pyrenees/great_pyrenees_158.jpg,great_pyrenees,dog,great_pyrenees_158
data/oxford_pets/keeshond/keeshond_12.jpg,keeshond,dog,keeshond_12
data/oxford_pets/basset_hound/basset_hound_171.jpg,basset_hound,dog,basset_hound_171
data/oxford_pets/basset_hound/basset_hound_144.jpg,basset_hound,dog,basset_hound_144
data/oxford_pets/maine_coon/Maine_Coon_140.jpg,maine_coon,cat,Maine_Coon_140
data/oxford_pets/bengal/Bengal_186.jpg,bengal,cat,Bengal_186
data/oxford_pets/egyptian_mau/Egyptian_Mau_104.jpg,egyptian_mau,cat,Egyptian_Mau_104
data/oxford_pets/persian/Persian_12.jpg,persian,cat,Persian_12
data/oxford_pets/boxer/boxer_121.jpg,boxer,dog,boxer_121
data/oxford_pets/beagle/beagle_193.jpg,beagle,dog,beagle_193
data/oxford_pets/british_shorthair/British_Shorthair_178.jpg,british_shorthair,cat,British_Shorthair_178
data/oxford_pets/bombay/Bombay_162.jpg,bombay,cat,Bombay_162
data/oxford_pets/siamese/Siamese_195.jpg,siamese,cat,Siamese_195
data/oxford_pets/wheaten_terrier/wheaten_terrier_149.jpg,wheaten_terrier,dog,wheaten_terrier_149
data/oxford_pets/english_cocker_spaniel/english_cocker_spaniel_174.jpg,english_cocker_spaniel,dog,english_cocker_spaniel_174
data/oxford_pets/ragdoll/Ragdoll_138.jpg,ragdoll,cat,Ragdoll_138
data/oxford_pets/saint_bernard/saint_bernard_135.jpg,saint_bernard,dog,saint_bernard_135
data/oxford_pets/bombay/Bombay_171.jpg,bombay,cat,Bombay_171
data/oxford_pets/staffordshire_bull_terrier/staffordshire_bull_terrier_116.jpg,staffordshire_bull_terrier,dog,staffordshire_bull_terrier_116
data/oxford_pets/staffordshire_bull_terrier/staffordshire_bull_terrier_190.jpg,staffordshire_bull_terrier,dog,staffordshire_bull_terrier_190
data/oxford_pets/bengal/Bengal_171.jpg,bengal,cat,Bengal_171
data/oxford_pets/american_bulldog/american_bulldog_136.jpg,american_bulldog,dog,american_bulldog_136
data/oxford_pets/leonberger/leonberger_100.jpg,leonberger,dog,leonberger_100
data/oxford_pets/english_setter/english_setter_159.jpg,english_setter,dog,english_setter_159
data/oxford_pets/beagle/beagle_169.jpg,beagle,dog,beagle_169
data/oxford_pets/maine_coon/Maine_Coon_195.jpg,maine_coon,cat,Maine_Coon_195
data/oxford_pets/american_pit_bull_terrier/american_pit_bull_terrier_153.jpg,american_pit_bull_terrier,dog,american_pit_bull_terrier_153
data/oxford_pets/bombay/Bombay_102.jpg,bombay,cat,Bombay_102
data/oxford_pets/maine_coon/Maine_Coon_104.jpg,maine_coon,cat,Maine_Coon_104
data/oxford_pets/bengal/Bengal_172.jpg,bengal,cat,Bengal_172
data/oxford_pets/yorkshire_terrier/yorkshire_terrier_131.jpg,yorkshire_terrier,dog,yorkshire_terrier_131
data/oxford_pets/american_pit_bull_terrier/american_pit_bull_terrier_131.jpg,american_pit_bull_terrier,dog,american_pit_bull_terrier_131
data/oxford_pets/british_shorthair/British_Shorthair_174.jpg,british_shorthair,cat,British_Shorthair_174
data/oxford_pets/beagle/beagle_133.jpg,beagle,dog,beagle_133
data/oxford_pets/american_pit_bull_terrier/american_pit_bull_terrier_180.jpg,american_pit_bull_terrier,dog,american_pit_bull_terrier_180
data/oxford_pets/english_cocker_spaniel/english_cocker_spaniel_170.jpg,english_cocker_spaniel,dog,english_cocker_spaniel_170
data/oxford_pets/bengal/Bengal_142.jpg,bengal,cat,Bengal_142
data/oxford_pets/russian_blue/Russian_Blue_157.jpg,russian_blue,cat,Russian_Blue_157
data/oxford_pets/bombay/Bombay_184.jpg,bombay,cat,Bombay_184
data/oxford_pets/beagle/beagle_161.jpg,beagle,dog,beagle_161
data/oxford_pets/english_setter/english_setter_182.jpg,english_setter,dog,english_setter_182
data/oxford_pets/sphynx/Sphynx_124.jpg,sphynx,cat,Sphynx_124
data/oxford_pets/birman/Birman_126.jpg,birman,cat,Birman_126
data/oxford_pets/basset_hound/basset_hound_188.jpg,basset_hound,dog,basset_hound_188
data/oxford_pets/yorkshire_terrier/yorkshire_terrier_159.jpg,yorkshire_terrier,dog,yorkshire_terrier_159
data/oxford_pets/leonberger/leonberger_13.jpg,leonberger,dog,leonberger_13
data/oxford_pets/persian/Persian_19.jpg,persian,cat,Persian_19
data/oxford_pets/ragdoll/Ragdoll_126.jpg,ragdoll,cat,Ragdoll_126
data/oxford_pets/egyptian_mau/Egyptian_Mau_112.jpg,egyptian_mau,cat,Egyptian_Mau_112
data/oxford_pets/russian_blue/Russian_Blue_198.jpg,russian_blue,cat,Russian_Blue_198
data/oxford_pets/siamese/Siamese_155.jpg,siamese,cat,Siamese_155
data/oxford_pets/shiba_inu/shiba_inu_110.jpg,shiba_inu,dog,shiba_inu_110
data/oxford_pets/pomeranian/pomeranian_151.jpg,pomeranian,dog,pomeranian_151
data/oxford_pets/persian/Persian_191.jpg,persian,cat,Persian_191
data/oxford_pets/russian_blue/Russian_Blue_12.jpg,russian_blue,cat,Russian_Blue_12
data/oxford_pets/ragdoll/Ragdoll_201.jpg,ragdoll,cat,Ragdoll_201
data/oxford_pets/american_pit_bull_terrier/american_pit_bull_terrier_151.jpg,american_pit_bull_terrier,dog,american_pit_bull_terrier_151
data/oxford_pets/great_pyrenees/great_pyrenees_100.jpg,great_pyrenees,dog,great_pyrenees_100
data/oxford_pets/newfoundland/newfoundland_136.jpg,newfoundland,dog,newfoundland_136
data/oxford_pets/maine_coon/Maine_Coon_176.jpg,maine_coon,cat,Maine_Coon_176
data/oxford_pets/samoyed/samoyed_110.jpg,samoyed,dog,samoyed_110
data/oxford_pets/persian/Persian_18.jpg,persian,cat,Persian_18
data/oxford_pets/siamese/Siamese_131.jpg,siamese,cat,Siamese_131
data/oxford_pets/american_bulldog/american_bulldog_198.jpg,american_bulldog,dog,american_bulldog_198
data/oxford_pets/english_setter/english_setter_110.jpg,english_setter,dog,english_setter_110
data/oxford_pets/american_pit_bull_terrier/american_pit_bull_terrier_139.jpg,american_pit_bull_terrier,dog,american_pit_bull_terrier_139
data/oxford_pets/great_pyrenees/great_pyrenees_12.jpg,great_pyrenees,dog,great_pyrenees_12
data/oxford_pets/bombay/Bombay_169.jpg,bombay,cat,Bombay_169
data/oxford_pets/bengal/Bengal_135.jpg,bengal,cat,Bengal_135
data/oxford_pets/staffordshire_bull_terrier/staffordshire_bull_terrier_14.jpg,staffordshire_bull_terrier,dog,staffordshire_bull_terrier_14
data/oxford_pets/samoyed/samoyed_109.jpg,samoyed,dog,samoyed_109
data/oxford_pets/pug/pug_127.jpg,pug,dog,pug_127
data/oxford_pets/abyssinian/Abyssinian_17.jpg,abyssinian,cat,Abyssinian_17
data/oxford_pets/british_shorthair/British_Shorthair_116.jpg,british_shorthair,cat,British_Shorthair_116
data/oxford_pets/staffordshire_bull_terrier/staffordshire_bull_terrier_125.jpg,staffordshire_bull_terrier,dog,staffordshire_bull_terrier_125
data/oxford_pets/miniature_pinscher/miniature_pinscher_148.jpg,miniature_pinscher,dog,miniature_pinscher_148
data/oxford_pets/siamese/Siamese_191.jpg,siamese,cat,Siamese_191
data/oxford_pets/beagle/beagle_189.jpg,beagle,dog,beagle_189
data/oxford_pets/bombay/Bombay_141.jpg,bombay,cat,Bombay_141
data/oxford_pets/saint_bernard/saint_bernard_109.jpg,saint_bernard,dog,saint_bernard_109
data/oxford_pets/staffordshire_bull_terrier/staffordshire_bull_terrier_180.jpg,staffordshire_bull_terrier,dog,staffordshire_bull_terrier_180
data/oxford_pets/great_pyrenees/great_pyrenees_176.jpg,great_pyrenees,dog,great_pyrenees_176
data/oxford_pets/birman/Birman_121.jpg,birman,cat,Birman_121
data/oxford_pets/newfoundland/newfoundland_14.jpg,newfoundland,dog,newfoundland_14
data/oxford_pets/sphynx/Sphynx_110.jpg,sphynx,cat,Sphynx_110
data/oxford_pets/english_setter/english_setter_179.jpg,english_setter,dog,english_setter_179
data/oxford_pets/bombay/Bombay_153.jpg,bombay,cat,Bombay_153
data/oxford_pets/newfoundland/newfoundland_113.jpg,newfoundland,dog,newfoundland_113
data/oxford_pets/sphynx/Sphynx_183.jpg,sphynx,cat,Sphynx_183
data/oxford_pets/american_pit_bull_terrier/american_pit_bull_terrier_128.jpg,american_pit_bull_terrier,dog,american_pit_bull_terrier_128
data/oxford_pets/english_setter/english_setter_157.jpg,english_setter,dog,english_setter_157
data/oxford_pets/great_pyrenees/great_pyrenees_169.jpg,great_pyrenees,dog,great_pyrenees_169
data/oxford_pets/japanese_chin/japanese_chin_116.jpg,japanese_chin,dog,japanese_chin_116
data/oxford_pets/bombay/Bombay_139.jpg,bombay,cat,Bombay_139
data/oxford_pets/basset_hound/basset_hound_11.jpg,basset_hound,dog,basset_hound_11
data/oxford_pets/english_cocker_spaniel/english_cocker_spaniel_15.jpg,english_cocker_spaniel,dog,english_cocker_spaniel_15
data/oxford_pets/german_shorthaired/german_shorthaired_15.jpg,german_shorthaired,dog,german_shorthaired_15
data/oxford_pets/german_shorthaired/german_shorthaired_172.jpg,german_shorthaired,dog,german_shorthaired_172
data/oxford_pets/maine_coon/Maine_Coon_137.jpg,maine_coon,cat,Maine_Coon_137
data/oxford_pets/siamese/Siamese_148.jpg,siamese,cat,Siamese_148
data/oxford_pets/german_shorthaired/german_shorthaired_112.jpg,german_shorthaired,dog,german_shorthaired_112
data/oxford_pets/great_pyrenees/great_pyrenees_147.jpg,great_pyrenees,dog,great_pyrenees_147
data/oxford_pets/german_shorthaired/german_shorthaired_173.jpg,german_shorthaired,dog,german_shorthaired_173
data/oxford_pets/abyssinian/Abyssinian_117.jpg,abyssinian,cat,Abyssinian_117
data/oxford_pets/yorkshire_terrier/yorkshire_terrier_134.jpg,yorkshire_terrier,dog,yorkshire_terrier_134
data/oxford_pets/bengal/Bengal_173.jpg,bengal,cat,Bengal_173
data/oxford_pets/japanese_chin/japanese_chin_11.jpg,japanese_chin,dog,japanese_chin_11
data/oxford_pets/egyptian_mau/Egyptian_Mau_161.jpg,egyptian_mau,cat,Egyptian_Mau_161
data/oxford_pets/persian/Persian_125.jpg,persian,cat,Persian_125
data/oxford_pets/saint_bernard/saint_bernard_138.jpg,saint_bernard,dog,saint_bernard_138
data/oxford_pets/birman/Birman_189.jpg,birman,cat,Birman_189
data/oxford_pets/persian/Persian_17.jpg,persian,cat,Persian_17
data/oxford_pets/german_shorthaired/german_shorthaired_160.jpg,german_shorthaired,dog,german_shorthaired_160
data/oxford_pets/japanese_chin/japanese_chin_179.jpg,japanese_chin,dog,japanese_chin_179
data/oxford_pets/british_shorthair/British_Shorthair_121.jpg,british_shorthair,cat,British_Shorthair_121
data/oxford_pets/yorkshire_terrier/yorkshire_terrier_166.jpg,yorkshire_terrier,dog,yorkshire_terrier_166
data/oxford_pets/staffordshire_bull_terrier/staffordshire_bull_terrier_152.jpg,staffordshire_bull_terrier,dog,staffordshire_bull_terrier_152
data/oxford_pets/maine_coon/Maine_Coon_201.jpg,maine_coon,cat,Maine_Coon_201
data/oxford_pets/shiba_inu/shiba_inu_157.jpg,shiba_inu,dog,shiba_inu_157
data/oxford_pets/shiba_inu/shiba_inu_150.jpg,shiba_inu,dog,shiba_inu_150
data/oxford_pets/japanese_chin/japanese_chin_125.jpg,japanese_chin,dog,japanese_chin_125
data/oxford_pets/wheaten_terrier/wheaten_terrier_188.jpg,wheaten_terrier,dog,wheaten_terrier_188
data/oxford_pets/samoyed/samoyed_104.jpg,samoyed,dog,samoyed_104
data/oxford_pets/chihuahua/chihuahua_145.jpg,chihuahua,dog,chihuahua_145
data/oxford_pets/english_setter/english_setter_113.jpg,english_setter,dog,english_setter_113
data/oxford_pets/keeshond/keeshond_103.jpg,keeshond,dog,keeshond_103
data/oxford_pets/keeshond/keeshond_10.jpg,keeshond,dog,keeshond_10
data/oxford_pets/yorkshire_terrier/yorkshire_terrier_167.jpg,yorkshire_terrier,dog,yorkshire_terrier_167
data/oxford_pets/egyptian_mau/Egyptian_Mau_133.jpg,egyptian_mau,cat,Egyptian_Mau_133
data/oxford_pets/keeshond/keeshond_177.jpg,keeshond,dog,keeshond_177
data/oxford_pets/basset_hound/basset_hound_124.jpg,basset_hound,dog,basset_hound_124
data/oxford_pets/british_shorthair/British_Shorthair_129.jpg,british_shorthair,cat,British_Shorthair_129
data/oxford_pets/abyssinian/Abyssinian_18.jpg,abyssinian,cat,Abyssinian_18
data/oxford_pets/birman/Birman_107.jpg,birman,cat,Birman_107
data/oxford_pets/pomeranian/pomeranian_133.jpg,pomeranian,dog,pomeranian_133
data/oxford_pets/persian/Persian_160.jpg,persian,cat,Persian_160
data/oxford_pets/british_shorthair/British_Shorthair_126.jpg,british_shorthair,cat,British_Shorthair_126
data/oxford_pets/maine_coon/Maine_Coon_157.jpg,maine_coon,cat,Maine_Coon_157
data/oxford_pets/pug/pug_107.jpg,pug,dog,pug_107
data/oxford_pets/maine_coon/Maine_Coon_131.jpg,maine_coon,cat,Maine_Coon_131
data/oxford_pets/pug/pug_188.jpg,pug,dog,pug_188
data/oxford_pets/abyssinian/Abyssinian_120.jpg,abyssinian,cat,Abyssinian_120
data/oxford_pets/chihuahua/chihuahua_156.jpg,chihuahua,dog,chihuahua_156
data/oxford_pets/german_shorthaired/german_shorthaired_184.jpg,german_shorthaired,dog,german_shorthaired_184
data/oxford_pets/american_pit_bull_terrier/american_pit_bull_terrier_126.jpg,american_pit_bull_terrier,dog,american_pit_bull_terrier_126
data/oxford_pets/siamese/Siamese_180.jpg,siamese,cat,Siamese_180
data/oxford_pets/abyssinian/Abyssinian_115.jpg,abyssinian,cat,Abyssinian_115
data/oxford_pets/ragdoll/Ragdoll_188.jpg,ragdoll,cat,Ragdoll_188
data/oxford_pets/bombay/Bombay_181.jpg,bombay,cat,Bombay_181
data/oxford_pets/basset_hound/basset_hound_116.jpg,basset_hound,dog,basset_hound_116
data/oxford_pets/great_pyrenees/great_pyrenees_136.jpg,great_pyrenees,dog,great_pyrenees_136
data/oxford_pets/basset_hound/basset_hound_166.jpg,basset_hound,dog,basset_hound_166
data/oxford_pets/egyptian_mau/Egyptian_Mau_16.jpg,egyptian_mau,cat,Egyptian_Mau_16
data/oxford_pets/great_pyrenees/great_pyrenees_122.jpg,great_pyrenees,dog,great_pyrenees_122
data/oxford_pets/wheaten_terrier/wheaten_terrier_112.jpg,wheaten_terrier,dog,wheaten_terrier_112
data/oxford_pets/basset_hound/basset_hound_162.jpg,basset_hound,dog,basset_hound_162
data/oxford_pets/pug/pug_104.jpg,pug,dog,pug_104
data/oxford_pets/japanese_chin/japanese_chin_18.jpg,japanese_chin,dog,japanese_chin_18
data/oxford_pets/bengal/Bengal_134.jpg,bengal,cat,Bengal_134
data/oxford_pets/birman/Birman_104.jpg,birman,cat,Birman_104
data/oxford_pets/persian/Persian_162.jpg,persian,cat,Persian_162
data/oxford_pets/bombay/Bombay_167.jpg,bombay,cat,Bombay_167
data/oxford_pets/samoyed/samoyed_188.jpg,samoyed,dog,samoyed_188
data/oxford_pets/keeshond/keeshond_14.jpg,keeshond,dog,keeshond_14
data/oxford_pets/siamese/Siamese_149.jpg,siamese,cat,Siamese_149
data/oxford_pets/pug/pug_192.jpg,pug,dog,pug_192
data/oxford_pets/pomeranian/pomeranian_155.jpg,pomeranian,dog,pomeranian_155
data/oxford_pets/british_shorthair/British_Shorthair_200.jpg,british_shorthair,cat,British_Shorthair_200
data/oxford_pets/american_pit_bull_terrier/american_pit_bull_terrier_187.jpg,american_pit_bull_terrier,dog,american_pit_bull_terrier_187
data/oxford_pets/british_shorthair/British_Shorthair_169.jpg,british_shorthair,cat,British_Shorthair_169
data/oxford_pets/wheaten_terrier/wheaten_terrier_180.jpg,wheaten_terrier,dog,wheaten_terrier_180
data/oxford_pets/shiba_inu/shiba_inu_191.jpg,shiba_inu,dog,shiba_inu_191
data/oxford_pets/bombay/Bombay_114.jpg,bombay,cat,Bombay_114
data/oxford_pets/pomeranian/pomeranian_158.jpg,pomeranian,dog,pomeranian_158
data/oxford_pets/keeshond/keeshond_176.jpg,keeshond,dog,keeshond_176
data/oxford_pets/pomeranian/pomeranian_110.jpg,pomeranian,dog,pomeranian_110
data/oxford_pets/american_pit_bull_terrier/american_pit_bull_terrier_100.jpg,american_pit_bull_terrier,dog,american_pit_bull_terrier_100
data/oxford_pets/egyptian_mau/Egyptian_Mau_115.jpg,egyptian_mau,cat,Egyptian_Mau_115
data/oxford_pets/american_pit_bull_terrier/american_pit_bull_terrier_10.jpg,american_pit_bull_terrier,dog,american_pit_bull_terrier_10
data/oxford_pets/pomeranian/pomeranian_153.jpg,pomeranian,dog,pomeranian_153
data/oxford_pets/basset_hound/basset_hound_142.jpg,basset_hound,dog,basset_hound_142
data/oxford_pets/american_pit_bull_terrier/american_pit_bull_terrier_150.jpg,american_pit_bull_terrier,dog,american_pit_bull_terrier_150
data/oxford_pets/bengal/Bengal_119.jpg,bengal,cat,Bengal_119
data/oxford_pets/basset_hound/basset_hound_170.jpg,basset_hound,dog,basset_hound_170
data/oxford_pets/samoyed/samoyed_185.jpg,samoyed,dog,samoyed_185
data/oxford_pets/bengal/Bengal_11.jpg,bengal,cat,Bengal_11
data/oxford_pets/chihuahua/chihuahua_16.jpg,chihuahua,dog,chihuahua_16
data/oxford_pets/samoyed/samoyed_181.jpg,samoyed,dog,samoyed_181
data/oxford_pets/maine_coon/Maine_Coon_151.jpg,maine_coon,cat,Maine_Coon_151
data/oxford_pets/german_shorthaired/german_shorthaired_110.jpg,german_shorthaired,dog,german_shorthaired_110
data/oxford_pets/german_shorthaired/german_shorthaired_10.jpg,german_shorthaired,dog,german_shorthaired_10
data/oxford_pets/chihuahua/chihuahua_151.jpg,chihuahua,dog,chihuahua_151
data/oxford_pets/chihuahua/chihuahua_134.jpg,chihuahua,dog,chihuahua_134
data/oxford_pets/chihuahua/chihuahua_108.jpg,chihuahua,dog,chihuahua_108
data/oxford_pets/japanese_chin/japanese_chin_113.jpg,japanese_chin,dog,japanese_chin_113
data/oxford_pets/pomeranian/pomeranian_114.jpg,pomeranian,dog,pomeranian_114
data/oxford_pets/pomeranian/pomeranian_182.jpg,pomeranian,dog,pomeranian_182
data/oxford_pets/english_setter/english_setter_122.jpg,english_setter,dog,english_setter_122
data/oxford_pets/egyptian_mau/Egyptian_Mau_151.jpg,egyptian_mau,cat,Egyptian_Mau_151
data/oxford_pets/english_setter/english_setter_143.jpg,english_setter,dog,english_setter_143
data/oxford_pets/bombay/Bombay_123.jpg,bombay,cat,Bombay_123
data/oxford_pets/shiba_inu/shiba_inu_129.jpg,shiba_inu,dog,shiba_inu_129
data/oxford_pets/bombay/Bombay_130.jpg,bombay,cat,Bombay_130
data/oxford_pets/maine_coon/Maine_Coon_173.jpg,maine_coon,cat,Maine_Coon_173
data/oxford_pets/wheaten_terrier/wheaten_terrier_143.jpg,wheaten_terrier,dog,wheaten_terrier_143
data/oxford_pets/german_shorthaired/german_shorthaired_11.jpg,german_shorthaired,dog,german_shorthaired_11
data/oxford_pets/maine_coon/Maine_Coon_139.jpg,maine_coon,cat,Maine_Coon_139
data/oxford_pets/chihuahua/chihuahua_140.jpg,chihuahua,dog,chihuahua_140
data/oxford_pets/birman/Birman_166.jpg,birman,cat,Birman_166
data/oxford_pets/chihuahua/chihuahua_170.jpg,chihuahua,dog,chihuahua_170
data/oxford_pets/birman/Birman_158.jpg,birman,cat,Birman_158
data/oxford_pets/birman/Birman_141.jpg,birman,cat,Birman_141
data/oxford_pets/wheaten_terrier/wheaten_terrier_184.jpg,wheaten_terrier,dog,wheaten_terrier_184
data/oxford_pets/beagle/beagle_120.jpg,beagle,dog,beagle_120
data/oxford_pets/chihuahua/chihuahua_163.jpg,chihuahua,dog,chihuahua_163
data/oxford_pets/birman/Birman_190.jpg,birman,cat,Birman_190
data/oxford_pets/birman/Birman_131.jpg,birman,cat,Birman_131
data/oxford_pets/maine_coon/Maine_Coon_110.jpg,maine_coon,cat,Maine_Coon_110
data/oxford_pets/egyptian_mau/Egyptian_Mau_144.jpg,egyptian_mau,cat,Egyptian_Mau_144
data/oxford_pets/birman/Birman_142.jpg,birman,cat,Birman_142
data/oxford_pets/egyptian_mau/Egyptian_Mau_11.jpg,egyptian_mau,cat,Egyptian_Mau_11
data/oxford_pets/birman/Birman_122.jpg,birman,cat,Birman_122
data/oxford_pets/egyptian_mau/Egyptian_Mau_184.jpg,egyptian_mau,cat,Egyptian_Mau_184
data/oxford_pets/birman/Birman_135.jpg,birman,cat,Birman_135
data/oxford_pets/chihuahua/chihuahua_18.jpg,chihuahua,dog,chihuahua_18
data/oxford_pets/beagle/beagle_190.jpg,beagle,dog,beagle_190
data/oxford_pets/chihuahua/chihuahua_121.jpg,chihuahua,dog,chihuahua_121
